First Name,Last Name
Emily,Adams
Jacob,Bennett
Sophia,Clark
Ethan,Davidson
Olivia,Evans
Mason,Foster
Ava,Garcia
Logan,Harris
Isabella,Ingram
Lucas,James
Mia,Kelly
Alexander,Lee
Charlotte,Lewis
Daniel,Martin
Amelia,Nelson
Henry,Oliver
Harper,Patel
William,Quinn
Evelyn,Reed
James,Scott
Abigail,Taylor
Michael,Underwood
Ella,Valdez
David,Walker
Sofia,Young
Joseph,Zimmerman
Grace,Allen
Benjamin,Brooks
Chloe,Campbell
Samuel,Dean
Lily,Edwards
Matthew,Fleming
Avery,Gomez
Jackson,Henderson
Scarlett,Howard
Luke,Jenkins
Aria,Knight
Gabriel,Lopez
Victoria,Murphy
Jayden,Nguyen
Zoe,Perry
Nathan,Roberts
Hannah,Stewart
Caleb,Turner
Mila,Watson
Owen,White
Lila,Yates
Ryan,Zhang
