﻿1,No Known Medical Allergies
10,"Nickel "
1000,tin
11,Contrast dye
12,Penicillin
13,Lidocaine
14,Nitroglycerin
15,Cipro
16,Strawberries
17,Cat Dander
18,Soy
19,Amoxicillin
2,No Known Drug Allergies
20,Ibuprofen
21,Aspirin
22,Ampicillin
23,Tetracycline
24,NSAIDS
25,Bananas
26,"Local Anesthetics "
27,Dust Mites
28,Mold
29,Shellfish
3,"Cefalexin "
30,Rituximab
30,Rituximab
31,Covid Vaccine
32,No Known Allergies
4,Latex
5,Seasonal Allergies
6,"Betadine "
7,Vancomycin
8,"Adhesives "
9,Sulfa
